obsTime,yubara_stg,yubara_chg10m,tsukiyono_stg,kosode_stg,yujuku_stg,fujiwara_disch,fujiwara_inflow,fujiwara_stor_rate,fujiwara_stor_cap,fujiwara_stor_lvl,naramata_disch,naramata_stor_rate,yagisawa_disch,yagisawa_stor_rate,aimata_disch,aimata_stor_rate,yubara_rn10m,yubara_rn_inc
2026/08/21 13:30,2.28,0,2.73,0.48,0.99,0,0.02,100,12833,637.4,0,97.4,0,94.2,4.38,94.9,0,5
2026/08/21 13:40,2.29,0.01,2.7,0.48,0.99,0,0,100,12833,637.4,0,97.4,0,94.2,4.39,94.9,0,5
2026/08/21 13:50,2.3,0.01,2.67,0.48,0.99,0,0,100,12833,637.4,0,97.4,0,94.2,4.38,94.9,0,5
2026/08/21 14:00,2.31,0.01,2.65,0.49,0.99,0,0,100,12833,637.4,0,97.4,0,94.2,4.38,94.9,0,5
2026/08/21 14:10,2.31,0,2.62,0.49,0.99,0,0,100,12833,637.4,0,97.4,0,94.2,4.38,94.9,0,5
2026/08/21 14:20,2.31,0,2.59,0.49,0.99,0,0,100,12833,637.4,0,97.4,0,94.2,4.38,94.9,0,5
2026/08/21 14:30,2.31,0,2.55,0.49,0.99,0,3.31,100,12843,637.41,0,97.4,0,94.2,4.38,94.9,0,5
2026/08/21 14:40,2.31,0,2.5,0.49,0.98,0,5.58,100,12843,637.41,0,97.4,0,94.2,4.38,94.9,0,5
2026/08/21 14:50,2.31,0,2.47,0.49,0.99,0,-16.84,100,12851,637.42,0,97.4,0,94.2,4.38,94.9,0,5
2026/08/21 15:00,2.31,0,2.45,0.49,0.98,0,-13.96,100,12855,637.42,0,97.4,0,94.2,4.38,94.9,0,5
2026/08/21 15:10,2.3,-0.01,2.43,0.49,0.98,0,4.51,100,12873,637.44,0,97.4,0,94.2,4.38,94.9,0,5
2026/08/21 15:20,2.3,0,2.42,0.49,0.98,0,17.08,100,12887,637.45,0,97.5,0,94.2,4.38,94.9,0,5
2026/08/21 15:30,2.3,0,2.41,0.49,0.98,0,19.27,100,12896,637.46,0,97.5,0,94.2,4.38,94.9,0,5
2026/08/21 15:40,2.3,0,2.41,0.49,0.98,0,19.26,100,12915,637.48,0,97.5,0,94.2,4.38,94.9,0,5
2026/08/21 15:50,2.3,0,2.41,0.49,0.98,0,18.57,100,12929,637.49,0,97.5,0,94.2,4.38,94.9,0,5
2026/08/21 16:00,2.3,0,2.4,0.49,0.99,0,21.25,100,12942,637.5,0,97.5,0,94.2,4.38,94.9,0,5
2026/08/21 16:10,2.3,0,2.4,0.49,0.99,0,20.51,100,12951,637.51,0,97.5,0,94.2,4.38,94.9,0,5
2026/08/21 16:20,2.31,0.01,2.4,0.49,0.98,0,17.36,100,12955,637.51,0,97.5,0,94.2,4.38,94.9,0,5
2026/08/21 16:30,2.31,0,2.41,0.49,0.98,4.86,16.04,100,12969,637.53,0,97.5,0,94.2,4.38,94.9,0,5
2026/08/21 16:40,2.32,0.01,2.4,0.49,0.98,4.85,14.83,100,12978,637.53,0,97.5,0,94.2,4.38,94.9,0,5
2026/08/21 16:50,2.32,0,2.4,0.49,0.98,4.85,14.81,100,12982,637.54,0,97.5,0,94.2,4.38,94.9,0,5
2026/08/21 17:00,2.32,0,2.41,0.49,0.98,4.87,12.79,100,12992,637.55,0,97.5,0,94.2,4.38,94.9,0,5
2026/08/21 17:10,2.32,0,2.42,0.49,0.98,4.87,13.22,100,12996,637.55,0,97.5,0,94.2,4.38,94.9,0,5
2026/08/21 17:20,2.32,0,2.43,0.49,0.98,9.86,13.27,100,13006,637.56,0,97.5,40.66,94.2,4.37,94.9,0,5
2026/08/21 17:30,2.32,0,2.43,0.49,0.98,9.93,13.49,100,13000,637.55,0,97.5,40.03,94.2,4.37,94.9,0,5
2026/08/21 17:40,2.32,0,2.43,0.49,0.98,9.93,12.53,100,13004,637.56,0,97.5,39.68,94.2,4.38,94.8,0,5
2026/08/21 17:50,2.33,0.01,2.44,0.49,0.98,16.09,11.47,100,13003,637.56,0,97.5,39.52,94.2,4.38,94.8,0,5
2026/08/21 18:00,2.33,0,2.43,0.49,0.98,16.48,11.26,100,12998,637.55,0,97.5,39.87,94.2,4.38,94.8,0,5
2026/08/21 18:10,2.33,0,2.43,0.49,0.98,16.48,11.28,100,12997,637.55,0,97.5,39.53,94.2,4.38,94.8,0,5
2026/08/21 18:20,2.33,0,2.43,0.49,0.98,16.88,13.64,100,13001,637.56,0,97.5,42.82,94.2,4.37,94.8,0,5
2026/08/21 18:30,2.33,0,2.44,0.49,0.98,16.47,14.97,100,12996,637.55,0,97.5,41.15,94.2,4.38,94.8,0,5
2026/08/21 18:40,2.33,0,2.44,0.49,0.98,16.46,17.92,100,13005,637.56,0,97.5,39.55,94.2,4.38,94.8,0,5
2026/08/21 18:50,2.34,0.01,2.46,0.49,0.98,16.87,18.23,100,13011,637.56,0,97.5,0,94.2,4.38,94.8,0,5
2026/08/21 19:00,2.35,0.01,2.53,0.49,0.98,16.45,19.39,100,13011,637.56,0,97.5,0,94.2,4.38,94.7,0,5
2026/08/21 19:10,2.35,0,2.61,0.49,0.98,16.86,20.48,100,13016,637.57,0,97.5,0,94.2,0.29,94.7,0,5
2026/08/21 19:20,2.35,0,2.69,0.49,0.98,16.85,20.04,100,13021,637.57,0,97.5,0,94.2,0.29,94.7,0,5
2026/08/21 19:30,2.34,-0.01,2.82,0.49,0.98,16.44,56.32,100,13021,637.57,0,97.5,0,94.2,0.29,94.7,0,5
2026/08/21 19:40,2.34,0,2.87,0.49,0.98,16.43,55.83,100,13031,637.58,0,97.5,0,94.2,0.29,94.7,0,5
2026/08/21 19:50,2.34,0,2.89,0.48,0.98,16.84,41.79,100,13031,637.58,0,97.5,0,94.2,0.29,94.7,0,5
2026/08/21 20:00,2.34,0,2.9,0.48,0.98,16.43,27.22,100,13031,637.58,0,97.5,0,94.2,0.29,94.7,0,5
2026/08/21 20:10,2.34,0,2.92,0.48,0.98,16.43,17.14,100,13031,637.58,0,97.5,0,94.2,0.29,94.7,0,5
2026/08/21 20:20,2.34,0,2.94,0.48,0.98,16.43,16.57,100,13031,637.58,0,97.5,0,94.2,0.29,94.7,0,5
2026/08/21 20:30,2.35,0.01,2.98,0.48,0.98,16.43,16.58,100,13031,637.58,0,97.5,0,94.2,0.29,94.7,0,5
2026/08/21 20:40,2.35,0,2.96,0.44,0.98,16.43,16.58,100,13031,637.58,0,97.5,0,94.2,0.29,94.7,0,5
2026/08/21 20:50,2.35,0,2.95,0.37,0.98,16.44,10.98,100,13021,637.57,0,97.5,0,94.2,0.29,94.7,0,5
2026/08/21 21:00,2.35,0,2.97,0.32,0.98,16.85,10.97,100,13021,637.57,0,97.5,0,94.2,0.29,94.7,0,5
2026/08/21 21:10,2.36,0.01,3.04,0.29,0.98,16.85,10.97,100,13021,637.57,0,97.5,0,94.2,0.29,94.8,0,5
2026/08/21 21:20,2.36,0,3.01,0.27,0.98,16.44,16.57,100,13021,637.57,0,97.5,0,94.2,0.29,94.8,0,5
2026/08/21 21:30,2.36,0,2.98,0.26,0.98,16.44,16.56,100,13021,637.57,0,97.5,0,94.2,0.29,94.8,0,5
2026/08/21 21:40,2.36,0,2.96,0.25,0.98,16.85,16.57,100,13021,637.57,0,97.5,0,94.2,0.29,94.8,0,5
2026/08/21 21:50,2.36,0,2.95,0.25,0.98,16.44,16,100,13011,637.56,0,97.5,0,94.2,0.29,94.8,0,5
2026/08/21 22:00,2.36,0,2.94,0.24,0.98,16.85,10.96,100,13011,637.56,0,97.5,0,94.2,0.29,94.9,0,5
2026/08/21 22:10,2.35,-0.01,2.94,0.24,0.98,16.44,10.95,100,13011,637.56,0,97.5,0,94.2,0.29,94.9,0,5
2026/08/21 22:20,2.35,0,2.94,0.24,0.97,16.44,11.53,100,13011,637.56,0,97.5,0,94.2,0.29,94.9,0,5
2026/08/21 22:30,2.35,0,2.94,0.24,0.97,16.44,16.6,100,13011,637.56,0,97.5,0,94.1,0.29,94.9,0,5
2026/08/21 22:40,2.35,0,2.94,0.24,0.98,16.44,16.59,100,13011,637.56,0,97.5,0,94.1,0.29,94.9,0,5
2026/08/21 22:50,2.35,0,2.94,0.24,0.97,16.44,16.59,100,13011,637.56,0,97.5,0,94.1,0.29,94.9,0,5
2026/08/21 23:00,2.34,-0.01,2.94,0.24,0.98,16.44,16.59,100,13011,637.56,0,97.5,0,94.1,0.29,94.9,0,5
2026/08/21 23:10,2.34,0,2.94,0.24,0.98,16.85,12.13,100,13001,637.56,0,97.5,0,94.1,0.29,94.9,0,5
2026/08/21 23:20,2.34,0,2.93,0.24,0.98,16.44,11.01,100,13001,637.56,0,97.5,0,94.2,0.29,94.9,0,5
2026/08/21 23:30,2.34,0,2.94,0.25,0.98,16.44,10.99,100,13001,637.56,0,97.5,0,94.2,0.29,94.9,0,5
2026/08/21 23:40,2.33,-0.01,2.94,0.28,0.98,16.44,15.45,100,13001,637.56,0,97.5,0,94.1,0.29,94.9,0,5
2026/08/21 23:50,2.33,0,2.94,0.28,0.98,16.85,16.55,100,13001,637.56,0,97.5,0,94.1,0.29,95,0,0
2026/08/22 00:00,2.33,0,2.94,0.28,0.98,16.85,16.55,100,13001,637.56,0,97.5,0,94.1,0.29,95,0,0
2026/08/22 00:10,2.33,0,2.95,0.29,0.98,14.92,16.28,100,13001,637.56,0,97.5,0,94.1,0.29,95,0,0
2026/08/22 00:20,2.32,-0.01,2.94,0.29,0.98,14.93,14.04,100,12991,637.55,0,97.5,0,94.1,0.29,95,0,0
2026/08/22 00:30,2.32,0,2.94,0.29,0.98,14.93,9.52,100,12991,637.55,0,97.5,0,94.1,0.29,95,0,0
2026/08/22 00:40,2.32,0,2.95,0.29,0.98,14.93,9.21,100,12991,637.55,0,97.5,0,94.1,0.29,95.1,0,0
2026/08/22 00:50,2.32,0,2.94,0.29,0.98,14.68,10.9,100,12991,637.55,0,97.5,0,94.1,0.29,95.1,0,0
2026/08/22 01:00,2.32,0,2.94,0.29,0.98,14.68,14.83,100,12991,637.55,0,97.5,0,94.1,0.29,95.1,0,0
2026/08/22 01:10,2.31,-0.01,2.94,0.29,0.98,14.93,14.83,100,12991,637.55,0,97.5,0,94.1,0.29,95.1,0,0
2026/08/22 01:20,2.31,0,2.94,0.28,0.98,14.68,14.82,100,12991,637.55,0,97.5,0,94.1,0.29,95.1,0,0
2026/08/22 01:30,2.31,0,2.94,0.28,0.98,14.68,14.79,100,12991,637.55,0,97.5,0,94.1,0.29,95.1,0,0
2026/08/22 01:40,2.31,0,2.93,0.28,0.98,14.68,14.76,100,12991,637.55,0,97.5,0,94.1,0.29,95.1,0,0
2026/08/22 01:50,2.31,0,2.92,0.28,0.98,14.68,14.77,100,12991,637.55,0,97.5,0,94.1,0.29,95.1,0,0
2026/08/22 02:00,2.3,-0.01,2.92,0.28,0.98,14.93,14.73,100,12991,637.55,0,97.5,0,94.1,0.29,95.1,0,0
2026/08/22 02:10,2.3,0,2.91,0.28,0.98,14.68,14.73,100,12991,637.55,0,97.5,0,94.1,0.29,95.1,0,0
2026/08/22 02:20,2.3,0,2.91,0.28,0.98,14.68,14.73,100,12991,637.55,0,97.5,0,94.1,0.29,95.2,0,0
2026/08/22 02:30,2.3,0,2.91,0.28,0.98,14.93,14.77,100,12991,637.55,0,97.5,0,94.1,0.29,95.2,0,0
2026/08/22 02:40,2.3,0,2.91,0.28,0.98,14.68,14.72,100,12991,637.55,0,97.6,0,94.1,0.29,95.2,0,0
2026/08/22 02:50,2.3,0,2.91,0.28,0.97,14.92,20.34,100,13001,637.56,0,97.6,0,94.1,0.29,95.2,0,0
2026/08/22 03:00,2.29,-0.01,2.9,0.28,0.98,14.68,20.34,100,13001,637.56,0,97.6,0,94.1,0.29,95.2,0,0
2026/08/22 03:10,2.29,0,2.91,0.28,0.98,14.68,20.38,100,13001,637.56,0,97.6,0,94.1,0.29,95.2,0,0
2026/08/22 03:20,2.29,0,2.9,0.28,0.98,15.18,14.82,100,13001,637.56,0,97.6,0,94.1,0.29,95.2,0,0
2026/08/22 03:30,2.29,0,2.9,0.28,0.98,15.46,15.06,100,13001,637.56,0,97.6,0,94,0.29,95.2,0,0
2026/08/22 03:40,2.29,0,2.9,0.28,0.98,15.18,15.25,100,13001,637.56,0,97.6,0,94,0.29,95.2,0,0
2026/08/22 03:50,2.29,0,2.9,0.28,0.97,15.18,15.36,100,13001,637.56,0,97.6,0,94.1,0.29,95.2,0,0
2026/08/22 04:00,2.29,0,2.9,0.28,0.97,15.46,15.37,100,13001,637.56,0,97.6,0,94.1,0.96,95.3,0,0
2026/08/22 04:10,2.29,0,2.9,0.28,0.97,15.46,15.36,100,13001,637.56,0,97.6,0,94.1,4.35,95.3,0,0
2026/08/22 04:20,2.28,-0.01,2.9,0.28,0.97,15.46,15.45,100,13001,637.56,0,97.6,0,94.1,4.35,95.3,0,0
2026/08/22 04:30,2.28,0,2.9,0.28,0.97,15.18,15.33,100,13001,637.56,0,97.6,0,94.1,4.35,95.3,0,0
2026/08/22 04:40,2.28,0,2.9,0.28,0.97,15.46,15.32,100,13001,637.56,0,97.6,0,94,4.36,95.3,0,0
2026/08/22 04:50,2.28,0,2.9,0.28,0.98,15.18,15.37,100,13001,637.56,0,97.6,0,94,4.36,95.3,0,0
2026/08/22 05:00,2.28,0,2.9,0.28,0.98,15.18,16.25,100,13001,637.56,0,97.6,0,94,4.36,95.3,0,0
2026/08/22 05:10,2.28,0,2.9,0.38,0.97,15.19,27.54,100,13001,637.56,0,97.6,0,94,4.36,95.3,0,0
2026/08/22 05:20,2.28,0,2.9,0.39,0.97,15.19,31.49,100,12996,637.55,0,97.6,0,94,4.36,95.3,0,0
2026/08/22 05:30,2.28,0,2.9,0.41,0.97,15.2,28.87,100,12991,637.55,0,97.6,0,94,4.37,95.3,0,0
2026/08/22 05:40,2.28,0,2.9,0.44,0.98,15.48,17.04,100,12985,637.54,0,97.6,0,94,4.37,95.3,0,0
2026/08/22 05:50,2.28,0,2.9,0.45,0.98,15.21,12.58,100,12980,637.54,0,97.6,0,94,4.37,95.3,0,0
2026/08/22 06:00,2.28,0,2.9,0.46,0.98,15.49,12.59,100,12975,637.53,0,97.6,0,94,4.36,95.3,0,0
2026/08/22 06:10,2.27,-0.01,2.9,0.47,0.98,15.22,12.14,100,12971,637.53,0,97.6,0,94,4.37,95.2,0,0
2026/08/22 06:20,2.27,0,2.9,0.47,0.98,15.22,10.9,100,12962,637.52,0,97.6,0,94,4.38,95.2,0,0
2026/08/22 06:30,2.27,0,2.89,0.47,0.98,15.23,12.09,100,12957,637.52,0,97.6,0,94,4.38,95.2,0,0
2026/08/22 06:40,2.27,0,2.9,0.47,0.98,15.23,11.98,100,12953,637.51,0,97.6,0,94,4.37,95.2,0,0
2026/08/22 06:50,2.27,0,2.89,0.47,0.97,15.24,11.95,100,12949,637.51,0,97.6,0,94,4.37,95.2,0,0
2026/08/22 07:00,2.27,0,2.9,0.47,0.98,15.52,11.94,100,12944,637.5,0,97.6,0,94,4.37,95.2,0,0
2026/08/22 07:10,2.27,0,2.9,0.47,0.98,15.25,11.91,100,12940,637.5,0,97.6,0,94,4.38,95.2,0,0
2026/08/22 07:20,2.27,0,2.9,0.47,0.98,15.53,11.99,100,12936,637.5,0,97.6,0,94,4.38,95.2,0,0
2026/08/22 07:30,2.27,0,2.9,0.47,0.98,15.53,11.34,100,12926,637.49,0,97.6,0,94,4.37,95.2,0,0
2026/08/22 07:40,2.27,0,2.89,0.47,0.98,15.26,12.01,100,12923,637.48,0,97.6,0,94,4.37,95.2,0,0
2026/08/22 07:50,2.27,0,2.89,0.47,0.98,15.27,12.83,100,12919,637.48,0,97.6,0,94,4.37,95.2,0,0
2026/08/22 08:00,2.27,0,2.89,0.47,0.98,15.27,12.61,100,12915,637.48,0,97.6,0,94,4.36,95.2,0,0
2026/08/22 08:10,2.27,0,2.9,0.47,0.98,15.55,12.62,100,12916,637.48,0,97.6,0,94,4.38,95.2,0,0
2026/08/22 08:20,2.27,0,2.89,0.47,0.98,15.28,15.46,100,12906,637.47,0,97.6,0,94,4.37,95.2,0,0
2026/08/22 08:30,2.27,0,2.89,0.47,0.98,15.28,17.37,100,12906,637.47,0,97.6,0,94,4.37,95.1,0,0
2026/08/22 08:40,2.27,0,2.89,0.47,0.98,15.28,17.67,100,12906,637.47,0,97.6,0,94,4.37,95.1,0,0
2026/08/22 08:50,2.27,0,2.89,0.47,0.98,15.28,15.9,100,12906,637.47,0,97.6,0,94,4.38,95.1,0,0
2026/08/22 09:00,2.27,0,2.88,0.47,0.98,15.28,15.48,100,12906,637.47,0,97.6,0,93.9,4.38,95.1,0,0
2026/08/22 09:10,2.26,-0.01,2.88,0.47,0.98,15.28,15.37,100,12906,637.47,0,97.6,0,94,4.37,95.1,0,0
2026/08/22 09:20,2.26,0,2.89,0.47,0.98,15.28,15.35,100,12906,637.47,0,97.6,0,94,4.37,95.1,0,0
2026/08/22 09:30,2.26,0,2.89,0.47,0.98,15.55,15.35,100,12906,637.47,0,97.6,0,94,4.37,95.1,0,0
2026/08/22 09:40,2.26,0,2.88,0.47,0.98,15.55,15.35,100,12906,637.47,0,97.6,0,94,4.38,95.1,0,0
2026/08/22 09:50,2.26,0,2.89,0.47,0.98,15.28,15.37,100,12906,637.47,0,97.6,0,94,4.38,95.1,0,0
2026/08/22 10:00,2.26,0,2.88,0.47,0.98,15.28,15.34,100,12906,637.47,0,97.6,0,94,4.38,95.1,0,0
2026/08/22 10:10,2.26,0,2.88,0.47,0.98,15.28,15.5,100,12906,637.47,0,97.6,0,94,4.38,95.1,0,0
2026/08/22 10:20,2.26,0,2.88,0.48,0.98,15.55,23.83,100,12912,637.47,0,97.6,0,94,4.37,95.1,0,0
2026/08/22 10:30,2.26,0,2.88,0.47,0.98,15.28,26.78,100,12903,637.47,0,97.6,0,94,4.38,95,0,0
2026/08/22 10:40,2.26,0,2.88,0.47,0.98,15.29,26.25,100,12899,637.46,0,97.6,0,94,4.38,95,0,0
2026/08/22 10:50,2.26,0,2.88,0.47,0.98,15.57,16.44,100,12895,637.46,0,97.6,0,94,4.38,95,0,0
2026/08/22 11:00,2.26,0,2.88,0.48,0.98,15.3,12.58,100,12886,637.45,0,97.6,0,94,4.38,95,0,0
2026/08/22 11:10,2.26,0,2.88,0.48,0.98,15.3,12.02,100,12882,637.45,0,97.6,0,94,4.37,95,0,0
2026/08/22 11:20,2.26,0,2.88,0.48,0.98,15.31,13.64,100,12873,637.44,0,97.6,0,93.9,4.37,95,0,0
2026/08/22 11:30,2.26,0,2.88,0.48,0.98,15.59,14.33,100,12873,637.44,0,97.6,0,94,4.38,95,0,0
2026/08/22 11:40,2.27,0.01,2.87,0.48,0.98,15.31,15.25,100,12873,637.44,0,97.6,0,94,4.38,94.9,0,0
2026/08/22 11:50,2.27,0,2.88,0.48,0.98,15.31,15.1,100,12873,637.44,0,97.6,0,94,4.38,94.9,0,0
2026/08/22 12:00,2.26,-0.01,2.88,0.48,0.98,15.31,15.34,100,12873,637.44,0,97.6,0,94,4.37,94.9,0,0
2026/08/22 12:10,2.26,0,2.88,0.47,0.98,15.31,15.33,100,12873,637.44,0,97.6,0,94,4.38,94.9,0,0
2026/08/22 12:20,2.26,0,2.87,0.47,0.98,15.31,15.34,100,12873,637.44,0,97.7,0,93.9,4.38,94.9,0,0
2026/08/22 12:30,2.26,0,2.87,0.47,0.98,15.31,15.45,100,12873,637.44,0,97.7,0,93.9,4.37,94.9,0,0
2026/08/22 12:40,2.26,0,2.87,0.47,0.98,15.31,15.37,100,12873,637.44,0,97.7,0,94,4.37,94.9,0,0
2026/08/22 12:50,2.26,0,2.87,0.47,0.98,15.31,15.38,100,12873,637.44,0,97.7,0,94,4.37,94.9,0,0
2026/08/22 13:00,2.26,0,2.87,0.47,0.98,15.59,15.37,100,12873,637.44,0,97.7,0,94,4.37,94.9,0,0
2026/08/22 13:10,2.26,0,2.87,0.47,0.98,15.59,15.38,100,12873,637.44,0,97.7,0,94,4.37,94.9,0,0
2026/08/22 13:20,2.26,0,2.87,0.47,0.98,15.04,15.38,100,12873,637.44,0,97.7,0,94,4.38,94.9,0,0
2026/08/22 13:30,2.26,0,2.87,0.47,0.98,15.31,15.37,100,12873,637.44,0,97.7,0,93.9,4.37,94.9,0,0
2026/08/22 13:40,2.26,0,2.87,0.47,0.98,15.31,15.36,100,12873,637.44,0,97.7,0,93.9,4.37,94.9,0,0
2026/08/22 13:50,2.26,0,2.87,0.47,0.98,15.31,15.35,100,12873,637.44,0,97.7,0,93.9,4.37,94.8,0,0
2026/08/22 14:00,2.26,0,2.87,0.47,0.98,15.31,15.37,100,12873,637.44,0,97.7,0,93.9,4.38,94.8,0,0
2026/08/22 14:10,2.26,0,2.87,0.47,0.98,15.31,15.37,100,12873,637.44,0,97.7,0,93.9,4.37,94.8,0,0
2026/08/22 14:20,2.26,0,2.87,0.47,0.98,15.3,-12.84,100,12867,637.43,0,97.7,0,93.9,4.35,94.8,0,0
2026/08/22 14:30,2.26,0,2.87,0.47,0.98,15.58,-8.02,100,12866,637.43,0,97.7,0,93.9,4.37,94.8,0,0
2026/08/22 14:40,2.26,0,2.87,0.48,0.98,15.29,8.29,100,12880,637.45,0,97.7,0,93.9,4.37,94.8,0,0
2026/08/22 14:50,2.26,0,2.87,0.48,0.98,15.29,19.53,100,12879,637.44,0,97.7,0,93.9,4.37,94.7,0,0
2026/08/22 15:00,2.26,0,2.87,0.48,0.98,15.29,22.33,100,12883,637.45,0,97.7,0,93.9,4.38,94.7,0,0
2026/08/22 15:10,2.26,0,2.87,0.48,0.98,15.28,21.72,100,12892,637.46,0,97.7,0,93.9,4.37,94.7,0,0
2026/08/22 15:20,2.26,0,2.87,0.48,0.98,15.55,22.44,100,12896,637.46,0,97.7,0,93.9,4.35,94.7,0,0
2026/08/22 15:30,2.26,0,2.87,0.48,0.98,15.27,21.31,100,12905,637.47,0,97.7,0,93.9,4.36,94.7,0,0
2026/08/22 15:40,2.25,-0.01,2.86,0.48,0.98,15.54,21.77,100,12908,637.47,0,97.7,0,93.9,4.37,94.7,0,0
2026/08/22 15:50,2.25,0,2.86,0.48,0.97,15.26,20.64,100,12912,637.47,0,97.7,0,93.9,4.36,94.7,0,0
2026/08/22 16:00,2.25,0,2.87,0.48,0.97,15.26,22.12,100,12921,637.48,0,97.7,0,93.9,4.37,94.7,0,0
2026/08/22 16:10,2.25,0,2.86,0.48,0.97,15.53,20.88,100,12921,637.48,0,97.7,0,93.9,4.35,94.7,0,0
2026/08/22 16:20,2.25,0,2.86,0.48,0.97,15.52,21.99,100,12925,637.49,0,97.7,0,93.9,4.37,94.7,0,0
2026/08/22 16:30,2.25,0,2.87,0.47,0.97,15.24,21.63,100,12934,637.49,0,97.7,0,93.9,4.37,94.7,0,0
2026/08/22 16:40,2.26,0.01,2.86,0.47,0.97,15.24,22.12,100,12939,637.5,0,97.7,0,93.9,4.36,94.7,0,0
2026/08/22 16:50,2.26,0,2.86,0.48,0.97,15.23,22.86,100,12943,637.5,0,97.7,0,93.9,4.35,94.7,0,0
2026/08/22 17:00,2.25,-0.01,2.86,0.47,0.97,15.5,22.18,100,12947,637.51,0,97.7,0,93.9,4.36,94.7,0,0
2026/08/22 17:10,2.25,0,2.87,0.47,0.98,15.22,22.24,100,12957,637.52,0,97.7,82.87,93.8,4.36,94.6,0,0
2026/08/22 17:20,2.25,0,2.86,0.47,0.97,15.22,21.71,100,12956,637.51,0,97.7,81.92,93.9,4.37,94.6,0,0
2026/08/22 17:30,2.25,0,2.87,0.48,0.97,15.49,21.38,100,12960,637.52,0,97.7,81.95,93.8,4.36,94.6,0,0
2026/08/22 17:40,2.25,0,2.86,0.48,0.97,15.21,20.77,100,12965,637.52,0,97.7,82,93.9,4.35,94.6,0,0
2026/08/22 17:50,2.25,0,2.87,0.47,0.97,15.2,21.8,100,12975,637.53,0,97.7,83.65,93.8,4.35,94.6,0,0
2026/08/22 18:00,2.25,0,2.87,0.47,0.97,15.47,21.76,100,12980,637.54,0,97.7,83.7,93.8,4.36,94.6,0,0
2026/08/22 18:10,2.25,0,2.87,0.47,0.97,15.2,21.82,100,12975,637.53,0,97.7,164.4,93.8,4.37,94.5,0,0
2026/08/22 18:20,2.25,0,2.87,0.47,0.97,15.19,21.08,100,12986,637.54,0,97.7,164.54,93.8,4.36,94.5,0,0
2026/08/22 18:30,2.25,0,2.87,0.47,0.97,15.46,21.35,100,12991,637.55,0,97.7,165.72,93.8,4.36,94.5,0,0
2026/08/22 18:40,2.25,0,2.87,0.47,0.97,15.18,21.73,100,13001,637.56,0,97.7,165.87,93.9,4.35,94.5,0,0
2026/08/22 18:50,2.25,0,2.86,0.47,0.97,15.45,22.27,100,13006,637.56,0,97.7,167.7,93.8,4.36,94.5,0,0
2026/08/22 19:00,2.25,0,2.87,0.47,0.97,15.45,21.56,100,13011,637.56,0,97.7,167.88,93.9,4.37,94.5,0,0
2026/08/22 19:10,2.25,0,2.87,0.47,0.97,15.44,54.25,100,13011,637.56,0,97.7,166.88,93.9,4.36,94.5,0,0
2026/08/22 19:20,2.25,0,2.87,0.47,0.97,15.44,56.86,100,13016,637.57,0,97.7,168.21,93.9,4.36,94.5,0,0
2026/08/22 19:30,2.25,0,2.87,0.47,0.97,15.44,41.23,100,13016,637.57,0,97.7,0,93.9,4.35,94.5,0,0
2026/08/22 19:40,2.25,0,2.88,0.47,0.97,15.44,25.98,100,13016,637.57,0,97.7,0,93.9,4.36,94.5,0,0
2026/08/22 19:50,2.25,0,2.87,0.47,0.97,15.44,15.32,100,13016,637.57,0,97.7,0,93.9,4.36,94.5,0,0
2026/08/22 20:00,2.25,0,2.87,0.47,0.97,15.17,15.34,100,13016,637.57,0,97.7,0,93.9,4.37,94.5,0,0
2026/08/22 20:10,2.24,-0.01,2.87,0.47,0.97,15.44,15.35,100,13016,637.57,0,97.7,0,93.9,4.36,94.5,0,0
2026/08/22 20:20,2.25,0.01,2.87,0.47,0.97,15.44,15.37,100,13016,637.57,0,97.7,0,93.9,4.35,94.4,0,0
2026/08/22 20:30,2.24,-0.01,2.87,0.47,0.97,15.17,15.37,100,13016,637.57,0,97.7,0,93.9,4.36,94.4,0,0
2026/08/22 20:40,2.24,0,2.87,0.47,0.97,15.17,15.35,100,13016,637.57,0,97.7,0,93.9,4.36,94.4,0,0
2026/08/22 20:50,2.24,0,2.87,0.47,0.97,15.17,15.4,100,13016,637.57,0,97.7,0,93.9,4.37,94.4,0,0
2026/08/22 21:00,2.24,0,2.88,0.47,0.97,15.17,15.33,100,13016,637.57,0,97.7,0,93.8,4.36,94.4,0,0
2026/08/22 21:10,2.24,0,2.87,0.47,0.97,15.17,15.35,100,13016,637.57,0,97.7,0,93.9,4.36,94.4,0,0
2026/08/22 21:20,2.24,0,2.87,0.47,0.97,15.44,15.37,100,13016,637.57,0,97.7,0,93.9,4.38,94.3,0,0
2026/08/22 21:30,2.24,0,2.87,0.47,0.97,15.44,15.37,100,13016,637.57,0,97.7,0,93.9,4.39,94.3,0,0
2026/08/22 21:40,2.24,0,2.87,0.47,0.97,15.44,15.37,100,13016,637.57,0,97.7,0,93.8,4.39,94.3,0,0
2026/08/22 21:50,2.24,0,2.88,0.47,0.97,15.17,15.38,100,13016,637.57,0,97.7,0,93.8,4.38,94.3,0,0
2026/08/22 22:00,2.24,0,2.88,0.47,0.97,15.17,15.36,100,13016,637.57,0,97.7,0,93.9,4.38,94.3,0,0
2026/08/22 22:10,2.24,0,2.88,0.47,0.97,15.44,15.33,100,13016,637.57,0,97.7,0,93.9,0.29,94.3,0,0
2026/08/22 22:20,2.24,0,2.88,0.47,0.97,15.44,15.31,100,13016,637.57,0,97.7,0,93.9,0.29,94.3,0,0
2026/08/22 22:30,2.24,0,2.88,0.47,0.97,15.44,15.32,100,13016,637.57,0,97.7,0,93.9,0.29,94.3,0,0
2026/08/22 22:40,2.24,0,2.87,0.47,0.97,15.44,15.35,100,13016,637.57,0,97.8,0,93.9,0.29,94.3,0,0
2026/08/22 22:50,2.24,0,2.88,0.47,0.97,15.44,15.39,100,13016,637.57,0,97.8,0,93.9,0.29,94.3,0,0
2026/08/22 23:00,2.24,0,2.88,0.47,0.97,15.17,15.39,100,13016,637.57,0,97.8,0,93.8,0.29,94.3,0,0
2026/08/22 23:10,2.23,-0.01,2.88,0.47,0.97,15.44,15.33,100,13016,637.57,0,97.8,0,93.8,0.29,94.3,0,0
2026/08/22 23:20,2.23,0,2.88,0.47,0.97,15.17,15.31,100,13016,637.57,0,97.8,0,93.8,0.29,94.3,0,0
2026/08/22 23:30,2.23,0,2.87,0.47,0.97,15.44,15.31,100,13016,637.57,0,97.8,0,93.8,0.29,94.3,0,0
2026/08/22 23:40,2.24,0.01,2.88,0.45,0.97,15.44,15.32,100,13016,637.57,0,97.8,0,93.8,0.29,94.3,0,0
2026/08/22 23:50,2.24,0,2.88,0.37,0.97,15.44,15.36,100,13016,637.57,0,97.8,0,93.8,0.29,94.3,0,0
2026/08/23 00:00,2.24,0,2.88,0.32,0.97,15.17,15.38,100,13016,637.57,0,97.8,0,93.8,0.29,94.3,0,0
2026/08/23 00:10,2.24,0,2.88,0.28,0.97,15.44,15.36,100,13016,637.57,0,97.8,0,93.8,0.29,94.3,0,0
2026/08/23 00:20,2.24,0,2.88,0.26,0.97,15.44,15.34,100,13016,637.57,0,97.8,0,93.8,0.29,94.3,0,0
2026/08/23 00:30,2.24,0,2.88,0.25,0.97,15.44,15.34,100,13016,637.57,0,97.8,0,93.8,0.29,94.3,0,0
2026/08/23 00:40,2.24,0,2.88,0.24,0.97,15.44,15.35,100,13016,637.57,0,97.8,0,93.8,0.29,94.3,0,0
2026/08/23 00:50,2.24,0,2.88,0.23,0.97,15.44,15.39,100,13016,637.57,0,97.8,0,93.8,0.29,94.3,0,0
2026/08/23 01:00,2.24,0,2.88,0.23,0.97,15.44,15.39,100,13016,637.57,0,97.8,0,93.8,0.29,94.3,0,0
2026/08/23 01:10,2.24,0,2.88,0.23,0.97,15.44,15.4,100,13016,637.57,0,97.8,0,93.8,0.29,94.3,0,0
2026/08/23 01:20,2.24,0,2.88,0.23,0.97,15.17,15.36,100,13016,637.57,0,97.8,0,93.8,0.29,94.3,0,0
2026/08/23 01:30,2.24,0,2.87,0.23,0.97,15.44,15.35,100,13016,637.57,0,97.8,0,93.8,0.29,94.3,0,0
2026/08/23 01:40,2.23,-0.01,2.88,0.22,0.97,15.44,15.33,100,13016,637.57,0,97.8,0,93.8,0.29,94.3,0,0
2026/08/23 01:50,2.23,0,2.88,0.22,0.97,15.17,15.32,100,13016,637.57,0,97.8,0,93.8,0.29,94.3,0,0
2026/08/23 02:00,2.23,0,2.88,0.22,0.97,15.44,15.31,100,13016,637.57,0,97.8,0,93.8,0.29,94.3,0,0
2026/08/23 02:10,2.24,0.01,2.88,0.22,0.97,15.44,15.33,100,13011,637.56,0,97.8,0,93.8,0.29,94.3,0,0
2026/08/23 02:20,2.23,-0.01,2.89,0.23,0.97,15.44,15.31,100,13011,637.56,0,97.8,0,93.8,0.29,94.3,0,0
2026/08/23 02:30,2.23,0,2.88,0.23,0.97,15.44,15.37,100,13011,637.56,0,97.8,0,93.7,0.29,94.3,0,0
2026/08/23 02:40,2.23,0,2.89,0.23,0.97,15.17,15.4,100,13011,637.56,0,97.8,0,93.7,0.29,94.4,0,0
2026/08/23 02:50,2.23,0,2.89,0.23,0.97,15.44,15.36,100,13011,637.56,0,97.8,0,93.8,0.29,94.4,0,0
2026/08/23 03:00,2.23,0,2.89,0.26,0.97,15.44,15.33,100,13011,637.56,0,97.8,0,93.8,0.29,94.4,0,0
2026/08/23 03:10,2.23,0,2.89,0.27,0.97,15.44,15.35,100,13011,637.56,0,97.8,0,93.8,0.29,94.4,0,0
2026/08/23 03:20,2.23,0,2.89,0.27,0.97,15.17,18.72,100,13021,637.57,0,97.8,0,93.7,0.29,94.4,0,0
2026/08/23 03:30,2.23,0,2.89,0.27,0.97,15.44,20.97,100,13021,637.57,0,97.8,0,93.7,0.29,94.5,0,0
2026/08/23 03:40,2.23,0,2.89,0.27,0.97,15.44,21.01,100,13021,637.57,0,97.8,0,93.7,0.29,94.5,0,0
2026/08/23 03:50,2.23,0,2.89,0.28,0.97,15.17,17.57,100,13021,637.57,0,97.8,0,93.7,0.29,94.5,0,0
2026/08/23 04:00,2.23,0,2.9,0.28,0.97,15.17,15.35,100,13021,637.57,0,97.8,0,93.7,0.97,94.5,0,0
2026/08/23 04:10,2.23,0,2.89,0.28,0.97,15.44,16.26,100,13021,637.57,0,97.8,0,93.7,4.37,94.5,0,0
2026/08/23 04:20,2.23,0,2.89,0.28,0.97,15.17,26.49,100,13031,637.58,0,97.8,0,93.7,4.37,94.5,0,0
2026/08/23 04:30,2.23,0,2.9,0.28,0.97,15.17,28.78,100,13021,637.57,0,97.8,0,93.7,4.37,94.5,0,0
2026/08/23 04:40,2.23,0,2.89,0.28,0.97,15.18,26.18,100,13021,637.57,0,97.8,0,93.7,4.37,94.5,0,0
2026/08/23 04:50,2.23,0,2.89,0.27,0.97,15.46,14.14,100,13016,637.57,0,97.8,0,93.7,4.37,94.5,0,0
2026/08/23 05:00,2.23,0,2.89,0.27,0.97,15.46,12.78,100,13001,637.56,0,97.8,0,93.7,4.37,94.5,0,0
2026/08/23 05:10,2.23,0,2.89,0.38,0.97,15.46,15.02,100,13001,637.56,0,97.8,0,93.7,4.37,94.5,0,0
2026/08/23 05:20,2.23,0,2.9,0.4,0.97,15.46,16.64,100,13001,637.56,0,97.8,0,93.7,4.37,94.5,0,0
2026/08/23 05:30,2.23,0,2.9,0.41,0.97,15.18,15.88,100,13001,637.56,0,97.8,0,93.7,4.36,94.5,0,0
2026/08/23 05:40,2.23,0,2.89,0.44,0.97,15.46,15.33,100,13001,637.56,0,97.8,0,93.7,4.37,94.5,0,0
2026/08/23 05:50,2.23,0,2.89,0.45,0.97,15.46,15.4,100,13001,637.56,0,97.8,0,93.7,4.37,94.5,0,0
2026/08/23 06:00,2.23,0,2.89,0.46,0.97,15.46,15.4,100,13001,637.56,0,97.8,0,93.7,4.37,94.5,0,0
2026/08/23 06:10,2.23,0,2.89,0.46,0.97,15.46,15.39,100,13001,637.56,0,97.8,0,93.7,4.38,94.5,0,0
2026/08/23 06:20,2.23,0,2.89,0.47,0.97,15.18,15.39,100,13001,637.56,0,97.8,0,93.7,4.37,94.5,0,0
2026/08/23 06:30,2.23,0,2.89,0.47,0.97,15.46,15.4,100,13001,637.56,0,97.8,0,93.7,4.37,94.5,0,0
2026/08/23 06:40,2.23,0,2.89,0.47,0.97,15.46,22.39,100,13011,637.56,0,97.8,0,93.7,4.36,94.5,0,0
2026/08/23 06:50,2.23,0,2.89,0.47,0.97,15.19,28.58,100,13006,637.56,0,97.8,0,93.7,4.37,94.5,0,0
2026/08/23 07:00,2.23,0,2.89,0.47,0.97,15.19,27.47,100,13001,637.55,0,97.8,0,93.7,4.37,94.4,0,0
2026/08/23 07:10,2.22,-0.01,2.89,0.47,0.97,15.47,19.84,100,12990,637.55,0,97.8,0,93.7,4.37,94.4,0,0
2026/08/23 07:20,2.22,0,2.89,0.47,0.97,15.48,12.64,100,12985,637.54,0,97.8,0,93.6,4.37,94.4,0,0
2026/08/23 07:30,2.22,0,2.89,0.47,0.97,15.21,13.12,100,12980,637.54,0,97.8,0,93.6,4.37,94.4,0,0
2026/08/23 07:40,2.22,0,2.89,0.47,0.97,15.21,12.66,100,12976,637.53,0,97.8,0,93.7,4.37,94.4,0,0
2026/08/23 07:50,2.22,0,2.88,0.47,0.97,15.49,12.56,100,12972,637.53,0,97.8,0,93.7,4.37,94.4,0,0
2026/08/23 08:00,2.23,0.01,2.88,0.47,0.97,15.22,11.39,100,12967,637.52,0,97.8,0,93.7,4.37,94.3,0,0
2026/08/23 08:10,2.23,0,2.89,0.47,0.97,15.5,12.58,100,12958,637.52,0,97.8,0,93.6,4.38,94.3,0,0
2026/08/23 08:20,2.23,0,2.89,0.47,0.97,15.23,11.93,100,12954,637.51,0,97.8,0,93.6,4.38,94.3,0,0
2026/08/23 08:30,2.23,0,2.89,0.47,0.97,15.24,13.04,100,12949,637.51,0,97.8,0,93.6,4.37,94.3,0,0
2026/08/23 08:40,2.23,0,2.89,0.47,0.98,15.24,11.45,100,12945,637.5,0,97.8,0,93.6,4.39,94.3,0,0
2026/08/23 08:50,2.23,0,2.89,0.47,0.97,15.25,11.9,100,12941,637.5,0,97.8,0,93.6,4.39,94.3,0,0
2026/08/23 09:00,2.23,0,2.89,0.47,0.98,15.25,11.97,100,12936,637.5,0,97.8,0,93.6,4.38,94.3,0,0
2026/08/23 09:10,2.23,0,2.89,0.47,0.97,15.26,12.45,100,12927,637.49,0,97.8,0,93.6,4.38,94.3,0,0
2026/08/23 09:20,2.23,0,2.88,0.47,0.97,15.26,12.67,100,12924,637.49,0,97.8,0,93.6,4.38,94.3,0,0
2026/08/23 09:30,2.23,0,2.89,0.47,0.98,15.55,12.39,100,12920,637.48,0,97.8,0,93.6,4.38,94.3,0,0
2026/08/23 09:40,2.23,0,2.88,0.47,0.98,15.55,12.62,100,12911,637.47,0,97.8,0,93.6,4.38,94.3,0,0
2026/08/23 09:50,2.23,0,2.89,0.48,0.97,15.28,12.65,100,12907,637.47,0,97.8,0,93.6,4.38,94.3,0,0
2026/08/23 10:00,2.23,0,2.88,0.47,0.97,15.28,12.62,100,12903,637.47,0,97.8,0,93.6,4.38,94.2,0,0
2026/08/23 10:10,2.23,0,2.89,0.47,0.97,15.29,12.59,100,12894,637.46,0,97.8,0,93.6,4.38,94.2,0,0
2026/08/23 10:20,2.23,0,2.88,0.47,0.97,15.29,12.58,100,12890,637.46,0,97.8,0,93.6,4.38,94.2,0,0
2026/08/23 10:30,2.23,0,2.88,0.47,0.97,15.58,12.58,100,12887,637.45,0,97.8,0,93.6,4.39,94.2,0,0
2026/08/23 10:40,2.23,0,2.88,0.48,0.97,15.58,12.59,100,12878,637.44,0,97.8,0,93.6,4.38,94.2,0,0
2026/08/23 10:50,2.23,0,2.88,0.48,0.97,15.31,12.05,100,12874,637.44,0,97.8,0,93.6,4.38,94.2,0,0
2026/08/23 11:00,2.23,0,2.88,0.48,0.97,15.31,12.6,100,12870,637.44,0,97.8,0,93.6,4.38,94.1,0,0
2026/08/23 11:10,2.23,0,2.88,0.48,0.97,15.6,14.36,100,12867,637.43,0,97.8,0,93.6,4.39,94.1,0,0
2026/08/23 11:20,2.23,0,2.88,0.48,0.97,15.33,23.41,100,12866,637.43,0,97.8,0,93.6,4.39,94.1,0,0
2026/08/23 11:30,2.23,0,2.88,0.48,0.97,15.62,24.07,100,12855,637.42,0,97.8,0,93.6,4.37,94.1,0,0
2026/08/23 11:40,2.23,0,2.87,0.48,0.97,15.35,20.73,100,12843,637.41,0,97.8,0,93.5,4.38,94.1,0,0
2026/08/23 11:50,2.23,0,2.87,0.48,0.97,15.36,11.18,100,12832,637.4,0,97.8,0,93.5,4.37,94.1,0,0
2026/08/23 12:00,2.23,0,2.88,0.48,0.97,15.37,8.9,100,12821,637.39,0,97.8,0,93.5,4.39,94.1,0,0
2026/08/23 12:10,2.23,0,2.87,0.48,0.97,15.38,9.96,100,12815,637.39,0,97.8,0,93.5,4.39,94.1,0,0
2026/08/23 12:20,2.23,0,2.87,0.48,0.97,15.39,9.87,100,12804,637.38,0,97.8,0,93.5,4.38,94.1,0,0
2026/08/23 12:30,2.23,0,2.86,0.48,0.97,15.4,9.84,100,12792,637.37,0,97.8,0,93.5,4.38,94.1,0,0
2026/08/23 12:40,2.23,0,2.87,0.48,0.97,15.42,9.74,100,12781,637.36,0,97.8,0,93.6,4.38,94.1,0,0
2026/08/23 12:50,2.23,0,2.87,0.48,0.97,15.43,9.7,100,12770,637.35,0,97.8,0,93.5,4.38,94,0,0
2026/08/23 13:00,2.23,0,2.87,0.48,0.97,15.17,9.13,100,12760,637.34,0,97.8,0,93.5,4.38,94,0,0
2026/08/23 13:10,2.23,0,2.87,0.48,0.97,15.45,12.24,100,12753,637.33,0,97.8,0,93.5,4.38,94,0,0
2026/08/23 13:20,2.23,0,2.86,0.48,0.97,15.45,13.45,100,12736,637.32,0,97.8,0,93.5,4.37,94,0,0
2026/08/23 13:30,2.23,0,2.87,0.48,0.97,15.46,15.19,100,12734,637.31,0,97.9,0,93.5,4.38,94,0,0
2026/08/23 13:40,2.23,0,2.87,0.48,0.97,15.19,12.73,100,12737,637.32,0,97.9,0,93.5,4.38,94,0,0
2026/08/23 13:50,2.23,0,2.87,0.48,0.97,15.46,14.23,100,12727,637.31,0,97.9,0,93.5,4.39,94,0,0
2026/08/23 14:00,2.23,0,2.87,0.48,0.97,15.46,14.7,100,12727,637.31,0,97.9,0,93.5,4.38,93.9,0,0
2026/08/23 14:10,2.23,0,2.87,0.48,0.97,15.2,15.57,100,12727,637.31,0,97.9,0,93.5,4.38,93.9,0,0
2026/08/23 14:20,2.23,0,2.87,0.48,0.97,15.2,14.95,100,12727,637.31,0,97.9,0,93.5,4.39,93.9,0,0
2026/08/23 14:30,2.23,0,2.87,0.48,0.97,15.2,15.32,100,12727,637.31,0,97.9,0,93.5,4.39,93.9,0,0
2026/08/23 14:40,2.23,0,2.86,0.48,0.97,15.2,15.31,100,12727,637.31,0,97.9,0,93.5,4.38,93.9,0,0
2026/08/23 14:50,2.23,0,2.86,0.48,0.97,15.46,15.31,100,12727,637.31,0,97.9,0,93.5,4.38,93.9,0,0
2026/08/23 15:00,2.22,-0.01,2.87,0.48,0.97,15.2,15.35,100,12727,637.31,0,97.9,0,93.5,4.38,93.9,0,0
2026/08/23 15:10,2.22,0,2.87,0.48,0.97,15.46,15.35,100,12727,637.31,0,97.9,0,93.5,4.38,93.9,0,0
2026/08/23 15:20,2.22,0,2.87,0.48,0.97,15.2,15.35,100,12727,637.31,0,97.9,0,93.5,4.39,93.9,0,0
2026/08/23 15:30,2.22,0,2.87,0.48,0.97,15.46,15.36,100,12727,637.31,0,97.9,0,93.5,4.38,93.9,0,0
2026/08/23 15:40,2.22,0,2.86,0.48,0.97,15.46,15.35,100,12727,637.31,0,97.9,0,93.5,4.38,93.9,0,0
2026/08/23 15:50,2.23,0.01,2.86,0.48,0.97,15.46,16.43,100,12726,637.31,0,97.9,0,93.5,4.38,93.9,0,0
2026/08/23 16:00,2.23,0,2.87,0.48,0.97,15.19,-15.45,100,12712,637.29,0,97.9,0,93.5,4.37,93.8,0,0
2026/08/23 16:10,2.23,0,2.87,0.47,0.97,15.45,-7.21,100,12724,637.3,0,97.9,0,93.5,4.39,93.8,0,0
2026/08/23 16:20,2.23,0,2.87,0.48,0.97,15.44,11.91,100,12730,637.31,0,97.9,0,93.4,4.39,93.8,0,0
2026/08/23 16:30,2.23,0,2.87,0.48,0.97,15.44,33.19,100,12742,637.32,0,97.9,0,93.4,4.38,93.8,0,0
2026/08/23 16:40,2.23,0,2.87,0.48,0.97,15.43,32.7,100,12750,637.33,0,97.9,0,93.4,4.36,93.8,0,0
2026/08/23 16:50,2.23,0,2.87,0.48,0.97,15.43,28.98,100,12753,637.33,0,97.9,0,93.4,4.39,93.8,0,0
2026/08/23 17:00,2.23,0,2.87,0.48,0.97,15.42,24.8,100,12761,637.34,0,97.9,0,93.4,4.38,93.7,0,0
2026/08/23 17:10,2.23,0,2.87,0.48,0.97,15.41,23.4,100,12759,637.34,0,97.9,0,93.4,4.38,93.7,0,0
2026/08/23 17:20,2.23,0,2.87,0.48,0.97,15.4,-18.77,100,12765,637.34,0,97.9,0,93.4,4.38,93.7,0,0
2026/08/23 17:30,2.23,0,2.87,0.48,0.97,15.39,-10.37,100,12770,637.35,0,97.9,83.22,93.4,4.36,93.7,0,0
2026/08/23 17:40,2.23,0,2.87,0.48,0.97,15.37,7.71,100,12785,637.36,0,97.9,83.28,93.4,4.37,93.7,0,0
2026/08/23 17:50,2.23,0,2.87,0.48,0.97,15.36,23.37,100,12795,637.37,0,97.9,83.3,93.4,4.37,93.7,1,1
2026/08/23 18:00,2.25,0.02,2.88,0.48,0.97,15.34,30.89,100,12810,637.38,0,97.9,82.54,93.4,4.37,93.7,2,3
2026/08/23 18:10,2.29,0.04,2.87,0.47,0.97,15.33,34.41,100,12829,637.4,0,97.9,83.4,93.4,0.29,93.7,4,7
2026/08/23 18:20,2.31,0.02,2.88,0.48,0.97,15.32,33.86,100,12845,637.41,0,97.9,83.44,93.4,0.29,93.7,6,13
2026/08/23 18:30,2.32,0.01,2.88,0.48,0.97,15.3,35.9,100,12862,637.43,0,97.9,81.84,93.4,0.29,93.7,0,13
2026/08/23 18:40,2.31,-0.01,2.88,0.48,0.97,15.29,35.43,100,12873,637.44,0,97.9,81.87,93.4,0.29,93.7,0,13
2026/08/23 18:50,2.3,-0.01,2.88,0.48,0.97,15.28,33.4,100,12885,637.45,0,97.9,83.58,93.4,0.29,93.7,0,13
2026/08/23 19:00,2.29,-0.01,2.88,0.48,0.97,15.26,34.07,100,12897,637.46,0,97.9,143.55,93.4,0.29,93.7,0,13
2026/08/23 19:10,2.28,-0.01,2.88,0.48,0.97,15.53,33.5,100,12915,637.48,0,97.9,167.71,93.4,0.29,93.7,0,13
2026/08/23 19:20,2.26,-0.02,2.88,0.47,0.97,15.51,31.7,100,12918,637.48,0,97.9,166.62,93.4,0.29,93.7,0,13
2026/08/23 19:30,2.25,-0.01,2.89,0.47,0.97,15.22,31.19,100,12936,637.5,0,97.9,167.4,93.4,0.29,93.7,0,13
2026/08/23 19:40,2.25,0,2.89,0.44,0.97,15.21,31.45,100,12950,637.51,0,97.9,168.26,93.4,0.29,93.7,0,13
2026/08/23 19:50,2.24,-0.01,2.89,0.37,0.97,15.47,34.57,100,12965,637.52,0,97.9,168.43,93.4,0.29,93.7,0,13
2026/08/23 20:00,2.24,0,2.9,0.32,0.97,15.46,34.11,100,12981,637.54,0,97.9,168.58,93.4,0.29,93.7,0,13
2026/08/23 20:10,2.24,0,2.9,0.28,0.97,15.17,44.17,100,12996,637.55,0,97.9,0,93.4,0.29,93.7,0,13
2026/08/23 20:20,2.23,-0.01,2.91,0.26,0.97,15.44,102.68,100,13016,637.57,0,97.9,0,93.4,0.29,93.7,0,13
2026/08/23 20:30,2.23,0,2.93,0.25,0.97,15.43,82.56,100,13021,637.57,0,97.9,0,93.4,0.29,93.7,0,13
2026/08/23 20:40,2.23,0,2.93,0.24,0.97,15.42,54.86,100,13031,637.58,0,97.9,0,93.4,0.29,93.7,1,14
2026/08/23 20:50,2.23,0,2.93,0.23,0.97,15.42,29.84,100,13037,637.59,0,97.9,0,93.4,0.29,93.7,2,16
2026/08/23 21:00,2.23,0,2.93,0.23,0.97,15.41,22.07,100,13042,637.59,0,97.9,0,93.5,0.29,93.7,0,16
2026/08/23 21:10,2.23,0,2.93,0.23,0.97,15.41,62.43,100,13042,637.59,0,97.9,0,93.4,0.29,93.7,0,16
2026/08/23 21:20,2.23,0,2.93,0.22,0.97,15.41,52.34,100,13042,637.59,0,97.9,0,93.4,0.29,93.7,0,16
2026/08/23 21:30,2.23,0,2.92,0.22,0.97,15.41,41.14,100,13052,637.6,0,97.9,0,93.4,0.29,93.7,0,16
2026/08/23 21:40,2.23,0,2.92,0.22,0.97,15.41,26.59,100,13052,637.6,0,97.9,0,93.4,0.29,93.7,0,16
2026/08/23 21:50,2.23,0,2.92,0.22,0.97,15.14,20.97,100,13052,637.6,0,97.9,0,93.4,0.29,93.7,0,16
2026/08/23 22:00,2.23,0,2.92,0.22,0.97,15.41,15.35,100,13052,637.6,0,97.9,0,93.4,0.29,93.8,0,16
2026/08/23 22:10,2.23,0,2.92,0.22,0.97,15.41,15.33,100,13052,637.6,0,97.9,0,93.4,0.29,93.8,0,16
2026/08/23 22:20,2.23,0,2.92,0.22,0.97,15.41,15.34,100,13052,637.6,0,97.9,0,93.4,0.29,93.8,1,17
2026/08/23 22:30,2.23,0,2.92,0.23,0.97,15.41,15.35,100,13052,637.6,0,97.9,0,93.4,0.29,93.8,0,17
2026/08/23 22:40,2.22,-0.01,2.91,0.25,0.97,15.14,15.37,100,13052,637.6,0,97.9,0,93.4,0.29,93.8,0,17
2026/08/23 22:50,2.22,0,2.91,0.27,0.97,15.14,15.37,100,13052,637.6,0,97.9,0,93.4,0.29,93.8,0,17
2026/08/23 23:00,2.22,0,2.91,0.27,0.97,15.41,15.37,100,13052,637.6,0,97.9,0,93.4,0.29,93.9,0,17
2026/08/23 23:10,2.22,0,2.91,0.28,0.97,15.41,15.35,100,13052,637.6,0,97.9,0,93.4,0.29,93.9,0,17
2026/08/23 23:20,2.22,0,2.91,0.28,0.97,15.41,15.35,100,13052,637.6,0,97.9,0,93.4,0.29,93.9,0,17
2026/08/23 23:30,2.22,0,2.91,0.28,0.97,15.41,15.34,100,13052,637.6,0,97.9,0,93.4,0.29,93.9,0,17
2026/08/23 23:40,2.22,0,2.91,0.28,0.97,15.41,15.33,100,13052,637.6,0,97.9,0,93.4,0.29,93.9,0,17
2026/08/23 23:50,2.22,0,2.91,0.28,0.97,15.41,15.32,100,13052,637.6,0,97.9,0,93.4,0.29,93.9,0,17
2026/08/24 00:00,2.22,0,2.91,0.28,0.97,15.41,15.34,100,13052,637.6,0,97.9,0,93.4,0.29,93.9,0,17
2026/08/24 00:10,2.22,0,2.91,0.28,0.97,15.14,22.34,100,13052,637.6,0,97.9,0,93.4,0.29,93.9,0,17
2026/08/24 00:20,2.22,0,2.91,0.28,0.97,15.41,27.45,100,13057,637.61,0,97.9,0,93.4,0.29,93.9,0,17
2026/08/24 00:30,2.22,0,2.91,0.28,0.97,15.15,25.82,100,13042,637.59,0,97.9,0,93.3,0.29,93.9,0,17
2026/08/24 00:40,2.22,0,2.91,0.27,0.97,15.43,18.32,100,13036,637.59,0,97.9,0,93.3,0.29,93.9,0,17
2026/08/24 00:50,2.22,0,2.91,0.27,0.97,15.16,12.72,100,13031,637.58,0,97.9,0,93.3,0.29,94,0,17
2026/08/24 01:00,2.22,0,2.9,0.27,0.97,15.16,12.16,100,13026,637.58,0,97.9,0,93.3,0.29,94,0,17
2026/08/24 01:10,2.22,0,2.92,0.27,0.97,15.17,12.11,100,13021,637.57,0,97.9,0,93.3,0.29,94,0,17
2026/08/24 01:20,2.22,0,2.91,0.27,0.97,15.17,11.5,100,13016,637.57,0,97.9,0,93.4,0.29,94,0,17
2026/08/24 01:30,2.22,0,2.91,0.27,0.97,15.18,13.26,100,13021,637.57,0,98,0,93.3,0.29,94,0,17
2026/08/24 01:40,2.22,0,2.91,0.27,0.97,15.18,12.08,100,13006,637.56,0,98,0,93.3,0.29,94,0,17
2026/08/24 01:50,2.22,0,2.91,0.27,0.97,15.46,12.08,100,13001,637.56,0,98,0,93.3,0.29,94.1,0,17
2026/08/24 02:00,2.22,0,2.91,0.27,0.97,15.47,12.09,100,13006,637.56,0,98,0,93.3,0.29,94.1,0,17
2026/08/24 02:10,2.22,0,2.91,0.27,0.97,15.47,12.65,100,13001,637.55,0,98,0,93.3,0.29,94.1,0,17
2026/08/24 02:20,2.22,0,2.91,0.27,0.97,15.48,12.11,100,12985,637.54,0,98,0,93.3,0.29,94.1,0,17
2026/08/24 02:30,2.22,0,2.91,0.27,0.97,15.48,11.5,100,12975,637.53,0,98,0,93.3,0.29,94.1,0,17
2026/08/24 02:40,2.22,0,2.91,0.27,0.97,15.21,12.05,100,12981,637.54,0,98,0,93.3,0.29,94.1,0,17
2026/08/24 02:50,2.22,0,2.91,0.27,0.97,15.22,12.62,100,12976,637.53,0,98,0,93.3,0.29,94.1,0,17
2026/08/24 03:00,2.22,0,2.91,0.27,0.97,15.22,12.03,100,12962,637.52,0,98,0,93.3,0.29,94.1,0,17
2026/08/24 03:10,2.22,0,2.91,0.27,0.97,15.5,11.96,100,12968,637.53,0,98,0,93.3,0.29,94.1,0,17
2026/08/24 03:20,2.22,0,2.91,0.27,0.97,15.23,12,100,12963,637.52,0,98,0,93.3,0.29,94.1,0,17
2026/08/24 03:30,2.22,0,2.91,0.27,0.97,15.51,11.93,100,12949,637.51,0,98,0,93.3,0.29,94.1,0,17
2026/08/24 03:40,2.22,0,2.91,0.27,0.97,15.52,11.37,100,12945,637.5,0,98,0,93.3,0.29,94.2,0,17
2026/08/24 03:50,2.22,0,2.91,0.27,0.97,15.25,11.36,100,12935,637.5,0,98,0,93.3,0.29,94.2,0,17
2026/08/24 04:00,2.22,0,2.91,0.27,0.97,15.25,12.45,100,12941,637.5,0,98,0,93.3,0.29,94.2,0,17
2026/08/24 04:10,2.22,0,2.91,0.27,0.97,15.26,11.88,100,12927,637.49,0,98,0,93.3,0.29,94.2,0,17
2026/08/24 04:20,2.22,0,2.91,0.27,0.97,15.26,12.17,100,12923,637.48,0,98,0,93.3,0.29,94.2,0,17
2026/08/24 04:30,2.21,-0.01,2.91,0.27,0.97,15.54,11.83,100,12914,637.48,0,98,0,93.3,0.29,94.2,0,17
2026/08/24 04:40,2.21,0,2.91,0.27,0.97,15.27,12.59,100,12910,637.47,0,98,0,93.3,0.29,94.3,0,17
2026/08/24 04:50,2.21,0,2.91,0.27,0.97,15.28,12.67,100,12907,637.47,0,98,0,93.3,0.29,94.3,0,17
2026/08/24 05:00,2.22,0.01,2.91,0.27,0.97,15.28,12.06,100,12903,637.47,0,98,0,93.3,1.49,94.3,0,17
2026/08/24 05:10,2.22,0,2.91,0.27,0.97,15.29,12.08,100,12894,637.46,0,98,0,93.3,4.33,94.3,0,17
2026/08/24 05:20,2.21,-0.01,2.9,0.27,0.97,15.29,11.48,100,12890,637.45,0,98,0,93.2,4.37,94.3,0,17
2026/08/24 05:30,2.21,0,2.91,0.27,0.97,15.3,12.55,100,12886,637.45,0,98,0,93.2,4.38,94.3,0,17
2026/08/24 05:40,2.21,0,2.9,0.27,0.97,15.3,11.97,100,12877,637.44,0,98,0,93.2,4.39,94.3,0,17
2026/08/24 05:50,2.21,0,2.9,0.27,0.97,15.31,12.54,100,12873,637.44,0,98,0,93.2,4.39,94.3,0,17
2026/08/24 06:00,2.21,0,2.9,0.27,0.97,15.31,11.39,100,12870,637.44,0,98,0,93.2,4.38,94.3,0,17
2026/08/24 06:10,2.21,0,2.9,0.36,0.97,15.6,11.98,100,12866,637.43,0,98,0,93.2,4.38,94.3,0,17
2026/08/24 06:20,2.21,0,2.91,0.39,0.97,15.32,12.04,100,12858,637.43,0,98,0,93.2,4.38,94.3,0,17
2026/08/24 06:30,2.21,0,2.9,0.41,0.97,15.06,14.09,100,12855,637.42,0,98,0,93.2,4.39,94.3,0,17
2026/08/24 06:40,2.21,0,2.9,0.43,0.97,15.34,21.19,100,12854,637.42,0,98,0,93.2,4.39,94.3,0,17
2026/08/24 06:50,2.21,0,2.9,0.45,0.97,15.35,22.91,100,12843,637.41,0,98,0,93.2,4.38,94.3,0,17
2026/08/24 07:00,2.21,0,2.9,0.46,0.97,15.36,19.77,100,12837,637.41,0,98,0,93.2,4.38,94.3,0,17
2026/08/24 07:10,2.21,0,2.9,0.46,0.97,15.37,12.13,100,12825,637.4,0,98,0,93.2,4.38,94.2,0,17
2026/08/24 07:20,2.21,0,2.9,0.46,0.97,15.11,9.43,100,12814,637.39,0,98,0,93.2,4.39,94.2,0,17
2026/08/24 07:30,2.21,0,2.89,0.46,0.97,15.39,9.83,100,12803,637.38,0,98,0,93.2,4.39,94.2,0,17
2026/08/24 07:40,2.21,0,2.9,0.46,0.97,15.4,9.19,100,12792,637.37,0,98,0,93.2,4.38,94.2,0,17
2026/08/24 07:50,2.21,0,2.9,0.46,0.97,15.15,10.35,100,12780,637.36,0,98,0,93.2,4.37,94.1,0,17
2026/08/24 08:00,2.21,0,2.89,0.46,0.97,15.16,9.69,100,12769,637.34,0,98,0,93.2,4.38,94.1,0,17
2026/08/24 08:10,2.21,0,2.89,0.47,0.97,15.43,11.96,100,12756,637.33,0,98,0,93.2,4.39,94.1,0,17
2026/08/24 08:20,2.21,0,2.89,0.47,0.97,15.44,11.42,100,12754,637.33,0,98,0,93.2,4.39,94.1,0,17
2026/08/24 08:30,2.21,0,2.89,0.47,0.97,15.44,13.35,100,12752,637.33,0,98,0,93.2,4.38,94.1,0,17
2026/08/24 08:40,2.21,0,2.9,0.47,0.97,15.18,14.87,100,12742,637.32,0,98,0,93.2,4.38,94.1,0,17
2026/08/24 08:50,2.21,0,2.89,0.47,0.97,15.18,13.53,100,12742,637.32,0,98,0,93.1,4.38,94.1,0,17
2026/08/24 09:00,2.21,0,2.9,0.47,0.97,15.45,18.31,100,12742,637.32,0,98,0,93.2,4.38,94,0,17
2026/08/24 09:10,2.21,0,2.89,0.47,0.97,15.45,16.28,100,12742,637.32,0,98,0,93.2,4.39,94,0,17
2026/08/24 09:20,2.21,0,2.89,0.47,0.97,15.45,19.16,100,12742,637.32,0,98,0,93.2,4.37,94,0,17
2026/08/24 09:30,2.21,0,2.89,0.47,0.97,15.45,15.37,100,12742,637.32,0,98,0,93.2,4.38,94,0,17
2026/08/24 09:40,2.21,0,2.89,0.47,0.97,15.45,15.38,100,12742,637.32,0,98,0,93.1,4.38,94,0,17
2026/08/24 09:50,2.21,0,2.89,0.47,0.97,15.45,15.37,100,12742,637.32,0,98,0,93.1,4.38,93.9,0,17
2026/08/24 10:00,2.21,0,2.89,0.47,0.97,15.18,15.36,100,12742,637.32,0,98,0,93.1,4.39,93.9,0,17
2026/08/24 10:10,2.21,0,2.89,0.47,0.97,15.45,15.36,100,12742,637.32,0,98,0,93.1,4.38,93.9,0,17
2026/08/24 10:20,2.22,0.01,2.88,0.47,0.97,15.45,15.37,100,12742,637.32,0,98,0,93.1,4.38,93.9,0,0
2026/08/24 10:30,2.22,0,2.89,0.47,0.97,15.18,15.33,100,12742,637.32,0,98,0,93.1,4.39,93.9,0,0
2026/08/24 10:40,2.22,0,2.89,0.47,0.97,15.45,15.33,100,12742,637.32,0,98,0,93.1,4.38,93.9,0,0
2026/08/24 10:50,2.22,0,2.89,0.47,0.97,15.45,15.32,100,12742,637.32,0,98,0,93.1,4.39,93.9,0,0
2026/08/24 11:00,2.22,0,2.89,0.48,0.97,15.45,15.35,100,12742,637.32,0,98,0,93.1,4.38,93.9,0,0
2026/08/24 11:10,2.22,0,2.88,0.48,0.97,15.45,15.37,100,12742,637.32,0,98,0,93.1,4.38,93.9,0,0
2026/08/24 11:20,2.22,0,2.89,0.48,0.97,15.18,15.37,100,12742,637.32,0,98,0,93.1,4.39,93.9,0,0
2026/08/24 11:30,2.22,0,2.88,0.48,0.97,15.45,15.36,100,12742,637.32,0,98,0,93.1,4.38,93.9,0,0
2026/08/24 11:40,2.22,0,2.88,0.48,0.97,15.45,15.36,100,12742,637.32,0,98,0,93.1,4.38,93.8,0,0
2026/08/24 11:50,2.22,0,2.88,0.47,0.97,15.45,15.37,100,12742,637.32,0,98,0,93.1,4.38,93.8,0,0
2026/08/24 12:00,2.22,0,2.89,0.48,0.97,15.45,15.38,100,12742,637.32,0,98,0,93.1,4.38,93.8,0,0
2026/08/24 12:10,2.22,0,2.88,0.48,0.97,15.45,15.37,100,12742,637.32,0,98,0,93.1,4.38,93.8,0,0
2026/08/24 12:20,2.21,-0.01,2.88,0.48,0.97,15.18,15.35,100,12742,637.32,0,98,0,93.1,4.38,93.8,0,0
2026/08/24 12:30,2.22,0.01,2.88,0.47,0.97,15.45,15.33,100,12742,637.32,0,98,0,93.1,4.38,93.8,0,0
2026/08/24 12:40,2.22,0,2.87,0.48,0.97,15.18,15.32,100,12742,637.32,0,98,0,93.1,4.38,93.7,0,0
2026/08/24 12:50,2.22,0,2.87,0.47,0.97,15.45,15.32,100,12742,637.32,0,98,0,93.1,4.38,93.7,0,0
2026/08/24 13:00,2.22,0,2.88,0.48,0.97,15.45,15.35,100,12742,637.32,0,98,0,93.1,4.38,93.7,0,0
2026/08/24 13:10,2.22,0,2.87,0.47,0.97,15.18,15.38,100,12742,637.32,0,98,0,93,0.29,93.7,0,0
2026/08/24 13:20,2.22,0,2.87,0.48,0.97,15.18,15.36,100,12742,637.32,0,98,0,93.1,0.29,93.7,0,0
2026/08/24 13:30,2.22,0,2.88,0.48,0.97,15.18,15.33,100,12742,637.32,0,98,0,93.1,0.29,93.7,0,0
2026/08/24 13:40,2.22,0,2.87,0.48,0.97,15.45,15.32,100,12742,637.32,0,98,0,93.1,0.29,93.7,0,0
2026/08/24 13:50,2.22,0,2.87,0.48,0.97,15.18,15.33,100,12742,637.32,0,98.1,0,93.1,0.29,93.7,0,0
2026/08/24 14:00,2.22,0,2.87,0.48,0.97,15.18,15.33,100,12742,637.32,0,98.1,0,93.1,0.29,93.7,0,0
2026/08/24 14:10,2.22,0,2.87,0.48,0.97,15.45,15.32,100,12742,637.32,0,98.1,0,93.1,0.29,93.7,0,0
2026/08/24 14:20,2.21,-0.01,2.87,0.48,0.97,15.45,15.3,100,12742,637.32,0,98.1,0,93,0.29,93.7,0,0
2026/08/24 14:30,2.21,0,2.86,0.48,0.97,15.18,15.27,100,12742,637.32,0,98.1,0,93,0.29,93.7,0,0
2026/08/24 14:40,2.21,0,2.87,0.45,0.97,15.18,15.25,100,12742,637.32,0,98.1,0,93,0.29,93.7,0,0
2026/08/24 14:50,2.21,0,2.87,0.38,0.97,15.18,15.25,100,12742,637.32,0,98.1,0,93,0.29,93.7,0,0
2026/08/24 15:00,2.21,0,2.87,0.32,0.97,15.18,15.26,100,12737,637.32,0,98.1,0,93,0.29,93.7,0,0
2026/08/24 15:10,2.21,0,2.87,0.29,0.97,15.45,15.26,100,12731,637.31,0,98.1,0,93,0.29,93.7,0,0
2026/08/24 15:20,2.21,0,2.86,0.26,0.97,15.44,-16.34,100,12733,637.31,0,98.1,0,93,0.29,93.7,0,0
2026/08/24 15:30,2.21,0,2.87,0.25,0.97,15.43,-3.2,100,12736,637.31,0,98.1,0,93,0.29,93.7,0,0
2026/08/24 15:40,2.21,0,2.87,0.24,0.97,15.43,13.63,100,12744,637.32,0,98.1,0,93,0.29,93.8,0,0
2026/08/24 15:50,2.21,0,2.87,0.23,0.97,15.42,23.44,100,12757,637.33,0,98.1,0,93,0.29,93.8,0,0
2026/08/24 16:00,2.21,0,2.87,0.23,0.97,15.42,22.14,100,12760,637.34,0,98.1,0,93,0.29,93.8,0,0
2026/08/24 16:10,2.21,0,2.87,0.23,0.97,15.41,19.56,100,12762,637.34,0,98.1,0,93,0.29,93.8,0,0
2026/08/24 16:20,2.21,0,2.87,0.22,0.97,15.4,-6.3,100,12763,637.34,0,98.1,83.88,93,0.29,93.8,0,0
2026/08/24 16:30,2.21,0,2.87,0.22,0.97,15.67,7.4,100,12774,637.35,0,98.1,83.92,93,0.29,93.8,0,0
2026/08/24 16:40,2.21,0,2.87,0.22,0.97,15.37,16.18,100,12790,637.36,0,98.1,82.79,93,0.29,93.9,0,0
2026/08/24 16:50,2.21,0,2.87,0.22,0.97,15.36,23.07,100,12796,637.37,0,98.1,83.99,92.9,0.29,93.9,0,0
2026/08/24 17:00,2.21,0,2.87,0.22,0.97,15.35,21.15,100,12801,637.37,0,98.1,84.03,93,0.29,93.9,0,0
2026/08/24 17:10,2.21,0,2.87,0.22,0.97,15.34,24.7,100,12816,637.39,0,98.1,82.42,92.9,0.29,93.9,0,0
2026/08/24 17:20,2.21,0,2.87,0.22,0.97,15.32,14.41,100,12821,637.39,0,98.1,83.78,92.9,0.29,93.9,0,0
2026/08/24 17:30,2.21,0,2.87,0.22,0.97,15.31,25.98,100,12842,637.41,0,98.1,82.49,92.9,0.29,93.9,0,0
2026/08/24 17:40,2.21,0,2.87,0.22,0.97,15.29,39.76,100,12864,637.43,0,98.1,84.18,92.9,0.29,93.9,0,0
2026/08/24 17:50,2.21,0,2.88,0.22,0.97,15.28,39.65,100,12871,637.44,0,98.1,84.22,92.9,0.29,93.9,0,0
2026/08/24 18:00,2.21,0,2.88,0.23,0.97,15.54,41.04,100,12887,637.45,0,98.1,84.25,92.9,0.29,93.9,0,0
2026/08/24 18:10,2.21,0,2.88,0.24,0.97,15.25,53.04,100,12910,637.47,0,98.1,102.64,92.9,0.29,93.9,0,0
2026/08/24 18:20,2.21,0,2.88,0.26,0.97,15.52,90.42,100,12918,637.48,0,98.1,105.34,92.9,0.29,93.9,0,0
2026/08/24 18:30,2.21,0,2.88,0.27,0.97,15.51,78.29,100,12933,637.49,0,98.1,104.9,93,0.29,94,0,0
2026/08/24 18:40,2.21,0,2.88,0.27,0.97,15.5,51.94,100,12937,637.5,0,98.1,104.96,93,0.29,94,0,0
2026/08/24 18:50,2.21,0,2.88,0.28,0.97,15.5,31.51,100,12946,637.51,0,98.1,102.55,92.9,0.29,94,0,0
2026/08/24 19:00,2.21,0,2.88,0.28,0.97,15.49,26.99,100,12950,637.51,0,98.1,101.87,93,0.29,94,0,0
2026/08/24 19:10,2.2,-0.01,2.89,0.28,0.97,15.21,40.19,100,12965,637.52,0,98.1,103.69,93,0.29,94,0,0
2026/08/24 19:20,2.2,0,2.88,0.29,0.97,15.48,36.31,100,12970,637.53,0,98.1,103.73,93,0.29,94,0,0
2026/08/24 19:30,2.2,0,2.88,0.29,0.97,15.47,69.25,100,12970,637.53,0,98.1,105.07,92.9,0.29,94.1,0,0
2026/08/24 19:40,2.2,0,2.88,0.29,0.97,15.2,59.16,100,12980,637.54,0,98.1,102.88,92.9,0.29,94.1,0,0
2026/08/24 19:50,2.21,0.01,2.88,0.28,0.97,15.47,41.79,100,12980,637.54,0,98.1,0,93,0.29,94.1,0,0
2026/08/24 20:00,2.21,0,2.88,0.28,0.97,15.47,26.66,100,12980,637.54,0,98.1,0,93,0.29,94.1,0,0
2026/08/24 20:10,2.21,0,2.88,0.28,0.97,15.47,15.99,100,12980,637.54,0,98.1,0,93,0.29,94.1,0,0
2026/08/24 20:20,2.21,0,2.88,0.27,0.97,15.47,15.42,100,12980,637.54,0,98.1,0,93,0.29,94.1,0,0
2026/08/24 20:30,2.21,0,2.89,0.27,0.97,15.47,15.4,100,12980,637.54,0,98.1,0,92.9,0.29,94.1,0,0
2026/08/24 20:40,2.21,0,2.88,0.27,0.97,15.47,15.4,100,12980,637.54,0,98.1,0,93,0.29,94.1,0,0
2026/08/24 20:50,2.21,0,2.89,0.27,0.97,15.47,15.41,100,12980,637.54,0,98.1,0,92.9,0.29,94.1,0,0
2026/08/24 21:00,2.2,-0.01,2.89,0.27,0.97,15.47,15.41,100,12980,637.54,0,98.1,0,93,0.29,94.1,0,0
2026/08/24 21:10,2.2,0,2.89,0.27,0.97,15.47,15.41,100,12980,637.54,0,98.1,0,93,0.29,94.1,0,0
2026/08/24 21:20,2.2,0,2.89,0.27,0.97,15.2,15.41,100,12980,637.54,0,98.1,0,93,0.29,94.1,0,0
2026/08/24 21:30,2.2,0,2.89,0.27,0.97,15.47,15.41,100,12980,637.54,0,98.1,0,93,0.29,94.1,0,0
2026/08/24 21:40,2.2,0,2.89,0.27,0.97,15.47,15.42,100,12980,637.54,0,98.1,0,92.9,0.29,94.1,0,0
2026/08/24 21:50,2.2,0,2.89,0.26,0.97,15.47,15.43,100,12980,637.54,0,98.1,0,92.9,0.29,94.1,0,0
2026/08/24 22:00,2.2,0,2.89,0.26,0.97,15.47,15.42,100,12980,637.54,0,98.1,0,92.9,0.29,94.1,0,0
2026/08/24 22:10,2.2,0,2.89,0.26,0.97,15.47,15.42,100,12980,637.54,0,98.1,0,92.9,0.29,94.1,0,0
2026/08/24 22:20,2.2,0,2.89,0.26,0.97,15.47,15.41,100,12980,637.54,0,98.1,0,92.9,0.29,94.1,0,0
2026/08/24 22:30,2.2,0,2.89,0.26,0.97,15.47,15.42,100,12980,637.54,0,98.1,0,92.9,0.29,94.1,0,0
2026/08/24 22:40,2.2,0,2.89,0.26,0.97,15.47,15.41,100,12980,637.54,0,98.1,0,92.9,0.29,94.1,0,0
2026/08/24 22:50,2.2,0,2.89,0.26,0.97,15.2,15.39,100,12980,637.54,0,98.1,0,92.9,0.29,94.1,0,0
2026/08/24 23:00,2.2,0,2.89,0.26,0.97,15.47,15.39,100,12980,637.54,0,98.1,0,92.9,0.29,94.1,0,0
2026/08/24 23:10,2.2,0,2.89,0.26,0.96,15.47,15.4,100,12980,637.54,0,98.1,0,92.9,0.29,94.1,0,0
2026/08/24 23:20,2.2,0,2.89,0.26,0.97,15.47,15.42,100,12980,637.54,0,98.1,0,92.9,0.29,94.1,0,0
2026/08/24 23:30,2.2,0,2.89,0.26,0.97,15.2,15.43,100,12980,637.54,0,98.1,0,92.9,0.29,94.1,0,0
2026/08/24 23:40,2.2,0,2.89,0.26,0.97,15.2,15.42,100,12980,637.54,0,98.1,0,92.9,0.29,94.1,0,0
2026/08/24 23:50,2.2,0,2.89,0.26,0.97,15.47,15.42,100,12980,637.54,0,98.1,0,92.9,0.29,94.2,0,0
2026/08/25 00:00,2.2,0,2.9,0.26,0.97,15.47,15.41,100,12980,637.54,0,98.1,0,92.9,0.97,94.2,0,0
2026/08/25 00:10,2.2,0,2.9,0.26,0.97,15.47,15.41,100,12980,637.54,0,98.1,0,92.9,4.38,94.2,0,0
2026/08/25 00:20,2.2,0,,0.26,0.97,15.47,15.46,100,12980,637.54,0,98.1,0,92.9,4.37,94.2,0,0
>>>>>>> 5f4de780b4f32a9eec9df07116b088909a53b46c,,,,,,,,,,,,,,,,,,
